timestamp,anomaly_score,is_anomaly,ml_anomaly,rule_anomaly,detected_category,severity
28-08-2026 00:00,0.47227908139983393,False,False,False,Unclassified,low
28-08-2026 01:00,0.4789966471434011,False,False,False,Unclassified,low
28-08-2026 02:00,0.4986061142110678,False,False,False,Unclassified,low
28-08-2026 03:00,0.5158437146601441,False,False,False,Unclassified,medium
28-08-2026 04:00,0.535367192580231,False,False,False,Unclassified,medium
28-08-2026 05:00,0.53997487064075,False,False,False,Unclassified,medium
28-08-2026 06:00,0.5560974437688563,False,False,False,Unclassified,medium
28-08-2026 07:00,0.5016297299395595,False,False,False,Unclassified,medium
28-08-2026 08:00,0.5119569880168845,False,False,False,Unclassified,medium
28-08-2026 09:00,0.5469241226174525,False,False,False,Unclassified,medium
28-08-2026 10:00,0.5505193873319865,False,False,False,Unclassified,medium
28-08-2026 11:00,0.5274422542833821,False,False,False,Unclassified,medium
28-08-2026 12:00,0.581119134722244,False,False,False,Unclassified,medium
28-08-2026 13:00,0.6020111636169697,False,False,False,Unclassified,medium
28-08-2026 14:00,0.6120368089958002,False,False,False,Unclassified,medium
28-08-2026 15:00,0.6157621544357659,False,False,False,Unclassified,medium
28-08-2026 16:00,0.6254224297701362,False,False,False,Unclassified,medium
28-08-2026 17:00,0.633186185903115,True,True,False,Battery level,medium
28-08-2026 18:00,0.6255224969142098,False,False,False,Unclassified,medium
28-08-2026 19:00,0.6159743977521487,False,False,False,Unclassified,medium
28-08-2026 20:00,0.6388043117271555,True,True,False,Fuel consumption,medium
28-08-2026 21:00,0.6373837738976365,True,True,False,Fuel consumption,medium
28-08-2026 22:00,0.5122586642708876,False,False,False,Unclassified,medium
28-08-2026 23:00,0.4733786483547418,False,False,False,Unclassified,low
29-08-2026 00:00,0.47470828447152874,False,False,False,Unclassified,low
29-08-2026 01:00,0.4818977934632857,False,False,False,Unclassified,low
29-08-2026 02:00,0.49894404145754045,False,False,False,Unclassified,low
29-08-2026 03:00,0.5145396002947781,False,False,False,Unclassified,medium
29-08-2026 04:00,0.5597349428503365,False,False,False,Unclassified,medium
29-08-2026 05:00,0.5302329703700186,False,False,False,Unclassified,medium
29-08-2026 06:00,0.5436525740283961,False,False,False,Unclassified,medium
29-08-2026 07:00,0.5110717708759307,False,False,False,Unclassified,medium
29-08-2026 08:00,0.5863404922808689,False,False,False,Unclassified,medium
29-08-2026 09:00,0.5450464503191457,False,False,False,Unclassified,medium
29-08-2026 10:00,0.5326928914163191,False,False,False,Unclassified,medium
29-08-2026 11:00,0.5694108171973973,False,False,False,Unclassified,medium
29-08-2026 12:00,0.5583655003917516,False,False,False,Unclassified,medium
29-08-2026 13:00,0.5403357431532605,False,False,False,Unclassified,medium
29-08-2026 14:00,0.532910629317439,False,False,False,Unclassified,medium
29-08-2026 15:00,0.5538952829961256,False,False,False,Unclassified,medium
29-08-2026 16:00,0.5433598834841391,False,False,False,Unclassified,medium
29-08-2026 17:00,0.5288985700231852,False,False,False,Unclassified,medium
29-08-2026 18:00,0.46324986611517943,False,False,False,Unclassified,low
29-08-2026 19:00,0.4768658930955575,False,False,False,Unclassified,low
29-08-2026 20:00,0.49528401443669356,False,False,False,Unclassified,low
29-08-2026 21:00,0.4971846738902128,False,False,False,Unclassified,low
29-08-2026 22:00,0.4953545880309063,False,False,False,Unclassified,low
29-08-2026 23:00,0.4708174170341909,False,False,False,Unclassified,low
30-08-2026 00:00,0.4731173595774978,False,False,False,Unclassified,low
30-08-2026 01:00,0.5143955058259899,False,False,False,Unclassified,medium
30-08-2026 02:00,0.5109299723523977,False,False,False,Unclassified,medium
30-08-2026 03:00,0.5194279522476356,False,False,False,Unclassified,medium
30-08-2026 04:00,0.5286932562077754,False,False,False,Unclassified,medium
30-08-2026 05:00,0.5181840730031813,False,False,False,Unclassified,medium
30-08-2026 06:00,0.5369288005937107,False,False,False,Unclassified,medium
30-08-2026 07:00,0.5031956076886942,False,False,False,Unclassified,medium
30-08-2026 08:00,0.508404347642226,False,False,False,Unclassified,medium
30-08-2026 09:00,0.5321812399021331,False,False,False,Unclassified,medium
30-08-2026 10:00,0.5235472935938242,False,False,False,Unclassified,medium
30-08-2026 11:00,0.5645229573194441,False,False,False,Unclassified,medium
30-08-2026 12:00,0.5906619026292516,False,False,False,Unclassified,medium
30-08-2026 13:00,0.6046862435933051,False,False,False,Unclassified,medium
30-08-2026 14:00,0.6143598971126356,False,False,False,Unclassified,medium
30-08-2026 15:00,0.6068877918699103,False,False,False,Unclassified,medium
30-08-2026 16:00,0.612844703649523,False,False,False,Unclassified,medium
30-08-2026 17:00,0.5803880204347172,False,False,False,Unclassified,medium
30-08-2026 18:00,0.5892510030221199,False,False,False,Unclassified,medium
30-08-2026 19:00,0.5822244709675012,False,False,False,Unclassified,medium
30-08-2026 20:00,0.6101923211644585,False,False,False,Unclassified,medium
30-08-2026 21:00,0.5327387364849225,False,False,False,Unclassified,medium
30-08-2026 22:00,0.48832396105999687,False,False,False,Unclassified,low
30-08-2026 23:00,0.48111332154684855,False,False,False,Unclassified,low
31-08-2026 00:00,0.473083746764658,False,False,False,Unclassified,low
31-08-2026 01:00,0.4831751087314753,False,False,False,Unclassified,low
31-08-2026 02:00,0.5047512528074523,False,False,False,Unclassified,medium
31-08-2026 03:00,0.5225630036489514,False,False,False,Unclassified,medium
31-08-2026 04:00,0.5414684688511774,False,False,False,Unclassified,medium
31-08-2026 05:00,0.5303572086944396,False,False,False,Unclassified,medium
31-08-2026 06:00,0.5471744069037606,False,False,False,Unclassified,medium
31-08-2026 07:00,0.6130593805473123,False,False,False,Unclassified,medium
31-08-2026 08:00,0.6024177112250712,False,False,False,Unclassified,medium
31-08-2026 09:00,0.5305922090861726,False,False,False,Unclassified,medium
31-08-2026 10:00,0.5477564806173929,False,False,False,Unclassified,medium
31-08-2026 11:00,0.5740304911840945,False,False,False,Unclassified,medium
31-08-2026 12:00,0.6070246035339968,False,False,False,Unclassified,medium
31-08-2026 13:00,0.6040050238461856,False,False,False,Unclassified,medium
31-08-2026 14:00,0.6177591625525104,False,False,False,Unclassified,medium
31-08-2026 15:00,0.6234173834727853,False,False,False,Unclassified,medium
31-08-2026 16:00,0.6359596414567147,True,True,False,Battery level,medium
31-08-2026 17:00,0.6224683418577613,False,False,False,Unclassified,medium
31-08-2026 18:00,0.6268415578041185,False,False,False,Unclassified,medium
31-08-2026 19:00,0.6151564614061302,False,False,False,Unclassified,medium
31-08-2026 20:00,0.6605281338320497,True,True,False,Battery level,medium
31-08-2026 21:00,0.6441127417190754,True,True,False,Fuel consumption,medium
31-08-2026 22:00,0.535261634541879,False,False,False,Unclassified,medium
31-08-2026 23:00,0.4819342668723026,False,False,False,Unclassified,low
01-09-2026 00:00,0.47790316724373805,False,False,False,Unclassified,low
01-09-2026 01:00,0.47631325279108233,False,False,False,Unclassified,low
01-09-2026 02:00,0.49637619078250333,False,False,False,Unclassified,low
01-09-2026 03:00,0.5149973865281405,False,False,False,Unclassified,medium
01-09-2026 04:00,0.5586052524900602,False,False,False,Unclassified,medium
01-09-2026 05:00,0.5162755033805075,False,False,False,Unclassified,medium
01-09-2026 06:00,0.5337929505545778,False,False,False,Unclassified,medium
01-09-2026 07:00,0.5283216423328134,False,False,False,Unclassified,medium
01-09-2026 08:00,0.5889581030721431,False,False,False,Unclassified,medium
01-09-2026 09:00,0.5509099271536974,False,False,False,Unclassified,medium
01-09-2026 10:00,0.5190016934079054,False,False,False,Unclassified,medium
01-09-2026 11:00,0.5305320906890487,False,False,False,Unclassified,medium
01-09-2026 12:00,0.5492864241393595,False,False,False,Unclassified,medium
01-09-2026 13:00,0.4962584048063687,False,False,False,Unclassified,low
01-09-2026 14:00,0.46578987703687846,False,False,False,Unclassified,low
01-09-2026 15:00,0.49601829681296733,False,False,False,Unclassified,low
01-09-2026 16:00,0.5235107730332529,False,False,False,Unclassified,medium
01-09-2026 17:00,0.49269866086752623,False,False,False,Unclassified,low
01-09-2026 18:00,0.4636276907345598,False,False,False,Unclassified,low
01-09-2026 19:00,0.4688781260012562,False,False,False,Unclassified,low
01-09-2026 20:00,0.5102278880917737,False,False,False,Unclassified,medium
01-09-2026 21:00,0.5086784801377726,False,False,False,Unclassified,medium
01-09-2026 22:00,0.5084379135299442,False,False,False,Unclassified,medium
01-09-2026 23:00,0.48257071791498674,False,False,False,Unclassified,low
02-09-2026 00:00,0.4771897865954804,False,False,False,Unclassified,low
02-09-2026 01:00,0.4887864191709461,False,False,False,Unclassified,low
02-09-2026 02:00,0.5084391333186785,False,False,False,Unclassified,medium
02-09-2026 03:00,0.512818438118407,False,False,False,Unclassified,medium
02-09-2026 04:00,0.5082314084726595,False,False,False,Unclassified,medium
02-09-2026 05:00,0.5317529389848245,False,False,False,Unclassified,medium
02-09-2026 06:00,0.5309748705927647,False,False,False,Unclassified,medium
02-09-2026 07:00,0.5042546936457826,False,False,False,Unclassified,medium
02-09-2026 08:00,0.4854464383328889,False,False,False,Unclassified,low
02-09-2026 09:00,0.47708088675257093,False,False,False,Unclassified,low
02-09-2026 10:00,0.5201574229707506,False,False,False,Unclassified,medium
02-09-2026 11:00,0.48636234691964925,False,False,False,Unclassified,low
02-09-2026 12:00,0.5734413772715774,False,False,False,Unclassified,medium
02-09-2026 13:00,0.5766238691234836,False,False,False,Unclassified,medium
02-09-2026 14:00,0.5551869567109387,False,False,False,Unclassified,medium
02-09-2026 15:00,0.5666429760404676,False,False,False,Unclassified,medium
02-09-2026 16:00,0.5719622831172829,False,False,False,Unclassified,medium
02-09-2026 17:00,0.5645634927735351,False,False,False,Unclassified,medium
02-09-2026 18:00,0.5615065724357987,False,False,False,Unclassified,medium
02-09-2026 19:00,0.5743726682728424,False,False,False,Unclassified,medium
02-09-2026 20:00,0.6097155313189127,False,False,False,Unclassified,medium
02-09-2026 21:00,0.5261363474036366,False,False,False,Unclassified,medium
02-09-2026 22:00,0.49631916097954903,False,False,False,Unclassified,low
02-09-2026 23:00,0.48193153947713147,False,False,False,Unclassified,low
03-09-2026 00:00,0.4888416694664008,False,False,False,Unclassified,low
03-09-2026 01:00,0.4769123880128132,False,False,False,Unclassified,low
03-09-2026 02:00,0.49445130717079233,False,False,False,Unclassified,low
03-09-2026 03:00,0.5095603933808126,False,False,False,Unclassified,medium
03-09-2026 04:00,0.5314692248201872,False,False,False,Unclassified,medium
03-09-2026 05:00,0.5169296534111422,False,False,False,Unclassified,medium
03-09-2026 06:00,0.5196141946060777,False,False,False,Unclassified,medium
03-09-2026 07:00,0.5963809501989504,False,False,False,Unclassified,medium
03-09-2026 08:00,0.5075195550503164,False,False,False,Unclassified,medium
03-09-2026 09:00,0.4812380491184849,False,False,False,Unclassified,low
03-09-2026 10:00,0.506040085078322,False,False,False,Unclassified,medium
03-09-2026 11:00,0.5550820104368404,False,False,False,Unclassified,medium
03-09-2026 12:00,0.5222947511165702,False,False,False,Unclassified,medium
03-09-2026 13:00,0.5620568872077494,False,False,False,Unclassified,medium
03-09-2026 14:00,0.5456412223917525,False,False,False,Unclassified,medium
03-09-2026 15:00,0.5728382175378125,False,False,False,Unclassified,medium
03-09-2026 16:00,0.5456176085251278,False,False,False,Unclassified,medium
03-09-2026 17:00,0.5650099726228209,False,False,False,Unclassified,medium
03-09-2026 18:00,0.5552842144241077,False,False,False,Unclassified,medium
03-09-2026 19:00,0.5752793840228256,False,False,False,Unclassified,medium
03-09-2026 20:00,0.6064655585681522,False,False,False,Unclassified,medium
03-09-2026 21:00,0.5024480496042804,False,False,False,Unclassified,medium
03-09-2026 22:00,0.5050386907520266,False,False,False,Unclassified,medium
03-09-2026 23:00,0.4829063833487213,False,False,False,Unclassified,low
