timestamp,load_forecast_kw,solar_forecast_kw,solar_to_load_kw,solar_to_battery_kw,battery_to_load_kw,diesel_kw,soc_kwh,diesel_status,estimated_fuel_l,fuel_remaining_l,fuel_saving_vs_all_diesel_l,optimization_status
2026-09-04 00:00:00,76.557,44.908,0.0,44.908,0.0,76.557,103.074,running,24.436,63906.064,512.616,optimal
2026-09-04 01:00:00,77.231,45.283,-0.0,45.283,-0.0,77.231,146.508,running,24.625,63881.439,512.616,optimal
2026-09-04 02:00:00,77.522,46.481,-0.0,46.481,-0.0,77.522,191.091,running,24.706,63856.733,512.616,optimal
2026-09-04 03:00:00,77.351,48.778,23.081,25.697,-0.0,54.27,215.739,running,18.196,63838.538,512.616,optimal
2026-09-04 04:00:00,77.174,52.466,52.466,-0.0,24.708,0.0,189.98,off,0.0,63838.538,512.616,optimal
2026-09-04 05:00:00,77.585,57.689,57.689,-0.0,19.896,0.0,169.237,off,0.0,63838.538,512.616,optimal
2026-09-04 06:00:00,78.899,64.338,64.338,-0.0,14.56,0.0,154.056,off,0.0,63838.538,512.616,optimal
2026-09-04 07:00:00,81.015,72.045,72.045,-0.0,8.97,0.0,144.704,off,0.0,63838.538,512.616,optimal
2026-09-04 08:00:00,83.551,80.211,80.211,-0.0,3.34,0.0,141.222,off,0.0,63838.538,512.616,optimal
2026-09-04 09:00:00,86.053,88.069,86.053,2.016,0.0,0.0,143.156,off,0.0,63838.538,512.616,optimal
2026-09-04 10:00:00,88.103,94.734,88.103,6.631,0.0,0.0,149.516,off,0.0,63838.538,512.616,optimal
2026-09-04 11:00:00,89.345,99.311,89.345,9.966,0.0,0.0,159.076,off,0.0,63838.538,512.616,optimal
2026-09-04 12:00:00,89.576,101.072,89.576,11.497,0.0,0.0,170.103,off,0.0,63838.538,512.616,optimal
2026-09-04 13:00:00,88.884,99.662,88.884,10.778,0.0,0.0,180.441,off,0.0,63838.538,512.616,optimal
2026-09-04 14:00:00,87.711,95.242,87.711,7.531,0.0,0.0,187.664,off,0.0,63838.538,512.616,optimal
2026-09-04 15:00:00,86.649,88.477,86.649,1.828,0.0,0.0,189.418,off,0.0,63838.538,512.616,optimal
2026-09-04 16:00:00,86.043,80.363,80.363,-0.0,5.68,0.0,183.496,off,0.0,63838.538,512.616,optimal
2026-09-04 17:00:00,85.703,71.961,71.961,-0.0,13.743,0.0,169.168,off,0.0,63838.538,512.616,optimal
2026-09-04 18:00:00,85.019,64.169,64.169,-0.0,20.849,0.0,147.431,off,0.0,63838.538,512.616,optimal
2026-09-04 19:00:00,83.452,57.595,57.595,0.0,25.857,0.0,120.474,off,0.0,63838.538,512.616,optimal
2026-09-04 20:00:00,81.043,52.532,52.532,0.0,28.512,0.0,90.748,off,0.0,63838.538,512.616,optimal
2026-09-04 21:00:00,78.489,48.996,48.996,-0.0,29.493,-0.0,60.0,off,-0.0,63838.538,512.616,optimal
2026-09-04 22:00:00,76.692,46.804,13.692,33.112,-0.0,63.0,91.76,running,20.64,63817.897,512.616,optimal
2026-09-04 23:00:00,76.133,45.67,45.67,-0.0,30.463,-0.0,60.0,off,-0.0,63817.897,512.616,optimal
