timestamp,load_forecast_kw,load_lower_kw,load_upper_kw,load_model,solar_forecast_kw,solar_lower_kw,solar_upper_kw,solar_model,wind_forecast_kw,wind_lower_kw,wind_upper_kw,wind_model
2026-09-04 00:00:00,76.5574245329514,74.46099950961549,78.84699420725744,Prophet,44.907734994576444,21.846347146625835,66.63235377603252,Prophet,45.54592485129561,33.36921779588771,57.43539998607016,Prophet
2026-09-04 01:00:00,77.23070302934711,75.16060903302353,79.42927865302512,Prophet,45.28337268258693,23.877509661318108,67.76279285996588,Prophet,45.50741562325166,34.14068997423017,57.66937922344271,Prophet
2026-09-04 02:00:00,77.52173007543473,75.18100830804174,79.66316030766858,Prophet,46.481084251702775,23.679997253981842,69.04328552992249,Prophet,45.513312045278624,33.78819638191847,57.112723370456216,Prophet
2026-09-04 03:00:00,77.35113792852086,75.27262512045431,79.59493946571276,Prophet,48.7781327558416,27.564348111863076,69.86066324432325,Prophet,45.58610303144643,34.75917358727981,58.57445201144683,Prophet
2026-09-04 04:00:00,77.17418788149834,74.92071178007163,79.54174642191072,Prophet,52.46629767976145,30.273244178751376,74.88747454195362,Prophet,45.71354018630892,34.95194715771571,57.43240166673116,Prophet
2026-09-04 05:00:00,77.58464955213779,75.4522936120301,79.6613930275798,Prophet,57.68869289637826,34.498985676224045,81.06533723908514,Prophet,45.85173359164227,34.10495884009313,58.375516722763116,Prophet
2026-09-04 06:00:00,78.89881427737235,76.8467792835156,81.0678139160794,Prophet,64.33846386371815,43.51489903754413,87.42874750330654,Prophet,45.947302797837146,34.24456040553772,57.82847778135698,Prophet
2026-09-04 07:00:00,81.01476694523254,79.0020190840771,83.18506269223565,Prophet,72.0445197342583,50.040862491996805,92.99842947904314,Prophet,45.965424545408084,34.15298422086332,57.81706289758346,Prophet
2026-09-04 08:00:00,83.55095042408097,81.13352831125906,85.69056622752454,Prophet,80.21125352910383,58.44839171527006,102.82877447050332,Prophet,45.90921318217081,33.8786563130908,56.77899068819294,Prophet
2026-09-04 09:00:00,86.0534040372322,83.84088448032067,88.1330427173134,Prophet,88.06919856358297,66.2556826504977,109.68687666903651,Prophet,45.82120112625286,33.44240337980978,57.67645613033881,Prophet
2026-09-04 10:00:00,88.10259749389989,85.93858985772648,90.13865368270514,Prophet,94.73401105122628,73.08704693249976,117.73694624629715,Prophet,45.765628711111916,34.43783538230199,57.02434823777164,Prophet
2026-09-04 11:00:00,89.34517264667863,87.27290695877653,91.45904297233633,Prophet,99.3113037975506,76.8390221417021,121.5301889893909,Prophet,45.798155128362566,34.111893015032315,57.487556412576595,Prophet
2026-09-04 12:00:00,89.57556949207529,87.32733661120099,91.7274457070945,Prophet,101.07241869248635,77.83894538978326,120.80149018001028,Prophet,45.93599073037356,34.14208299737531,58.02576191165869,Prophet
2026-09-04 13:00:00,88.88387407271861,86.89513797200992,91.04530739766912,Prophet,99.6622320155912,78.56658168628097,122.51762859173387,Prophet,46.14378783784468,34.43186547629471,58.21929245598181,Prophet
2026-09-04 14:00:00,87.71125994582009,85.51017893858524,89.89723796014586,Prophet,95.24189627061904,73.53578845911373,117.52435655129528,Prophet,46.34553305885099,34.09932195079184,57.28157233961277,Prophet
2026-09-04 15:00:00,86.64931960566517,84.55918370357597,88.76849287147999,Prophet,88.47734967729414,68.09425094810322,111.13791310789294,Prophet,46.45977234388578,35.5703659466101,57.56633933627805,Prophet
2026-09-04 16:00:00,86.04327897430872,83.85663283863063,88.17846685390197,Prophet,80.36297811952537,57.15965733054966,101.16916881351328,Prophet,46.440764300812276,34.04568688385808,58.007463650000076,Prophet
2026-09-04 17:00:00,85.70341560387479,83.56375223839753,87.7731078274097,Prophet,71.96071663857924,49.69543384414024,93.01192444079948,Prophet,46.301823585499214,34.96569760572555,58.259557439636346,Prophet
2026-09-04 18:00:00,85.01855424393995,82.8191981057758,87.16551620118656,Prophet,64.16905921597703,41.37314462850914,85.73583564003128,Prophet,46.105909979921826,33.658857495955544,56.821096278993075,Prophet
2026-09-04 19:00:00,83.45179459692557,81.2716375668687,85.69613890520458,Prophet,57.59525995883474,35.23773044158707,78.59975548061884,Prophet,45.928660488143784,33.53469802154695,57.98653677246766,Prophet
2026-09-04 20:00:00,81.0433295670508,78.79651480515298,83.18479468542097,Prophet,52.531786748365285,30.601525619117147,75.05812381427447,Prophet,45.81717204866709,34.70974203432884,57.34982387631535,Prophet
2026-09-04 21:00:00,78.48890198134147,76.37848118577635,80.69863570855227,Prophet,48.996291831233904,28.324479456640763,71.63921629703754,Prophet,45.77051954517185,34.39228971092795,57.46202154254958,Prophet
2026-09-04 22:00:00,76.69219964489939,74.56071903848742,78.67164018738488,Prophet,46.80402483902377,23.82736106755443,69.14227585278837,Prophet,45.75267072670057,33.922439779374116,56.97131628086935,Prophet
2026-09-04 23:00:00,76.13317136313033,74.04978880640266,78.13051471972389,Prophet,45.67000843316646,21.913969723258727,67.26631289577598,Prophet,45.726117792493284,34.53074882260901,58.01680663574101,Prophet
