timestamp,battery_health_score,generator_health_score,battery_recommendation,generator_recommendation
28-08-2026 00:00,75.0,85.4,Normal,Normal
28-08-2026 01:00,75.0,85.6,Normal,Normal
28-08-2026 02:00,75.0,87.0,Normal,Normal
28-08-2026 03:00,75.0,89.0,Normal,Normal
28-08-2026 04:00,75.0,91.7,Normal,Normal
28-08-2026 05:00,75.0,92.3,Normal,Normal
28-08-2026 06:00,75.0,92.3,Normal,Normal
28-08-2026 07:00,75.0,92.3,Normal,Normal
28-08-2026 08:00,75.0,92.3,Normal,Normal
28-08-2026 09:00,77.9,100.0,Normal,Normal
28-08-2026 10:00,84.2,100.0,Normal,Normal
28-08-2026 11:00,87.3,100.0,Normal,Normal
28-08-2026 12:00,94.5,100.0,Normal,Normal
28-08-2026 13:00,98.8,100.0,Normal,Normal
28-08-2026 14:00,92.9,100.0,Normal,Normal
28-08-2026 15:00,88.9,100.0,Normal,Normal
28-08-2026 16:00,86.9,100.0,Normal,Normal
28-08-2026 17:00,87.5,100.0,Normal,Normal
28-08-2026 18:00,93.8,100.0,Normal,Normal
28-08-2026 19:00,98.9,100.0,Normal,Normal
28-08-2026 20:00,87.4,100.0,Normal,Normal
28-08-2026 21:00,75.9,100.0,Normal,Normal
28-08-2026 22:00,75.0,87.7,Normal,Normal
28-08-2026 23:00,75.0,85.1,Normal,Normal
29-08-2026 00:00,75.0,85.3,Normal,Normal
29-08-2026 01:00,75.0,85.8,Normal,Normal
29-08-2026 02:00,75.0,87.0,Normal,Normal
29-08-2026 03:00,75.0,88.9,Normal,Normal
29-08-2026 04:00,75.0,92.0,Normal,Normal
29-08-2026 05:00,75.0,91.7,Normal,Normal
29-08-2026 06:00,75.0,92.3,Normal,Normal
29-08-2026 07:00,75.0,92.3,Normal,Normal
29-08-2026 08:00,75.1,100.0,Normal,Normal
29-08-2026 09:00,79.7,100.0,Normal,Normal
29-08-2026 10:00,85.1,100.0,Normal,Normal
29-08-2026 11:00,91.9,100.0,Normal,Normal
29-08-2026 12:00,88.8,100.0,Normal,Normal
29-08-2026 13:00,90.9,100.0,Normal,Normal
29-08-2026 14:00,91.6,100.0,Normal,Normal
29-08-2026 15:00,86.4,100.0,Normal,Normal
29-08-2026 16:00,82.3,100.0,Normal,Normal
29-08-2026 17:00,78.2,100.0,Normal,Normal
29-08-2026 18:00,75.0,92.3,Normal,Normal
29-08-2026 19:00,75.0,92.0,Normal,Normal
29-08-2026 20:00,75.0,88.3,Normal,Normal
29-08-2026 21:00,75.0,87.0,Normal,Normal
29-08-2026 22:00,75.0,86.4,Normal,Normal
29-08-2026 23:00,75.0,85.0,Normal,Normal
30-08-2026 00:00,75.0,85.0,Normal,Normal
30-08-2026 01:00,75.0,85.3,Normal,Normal
30-08-2026 02:00,75.0,86.9,Normal,Normal
30-08-2026 03:00,75.0,89.1,Normal,Normal
30-08-2026 04:00,75.0,91.5,Normal,Normal
30-08-2026 05:00,75.0,92.3,Normal,Normal
30-08-2026 06:00,75.0,92.3,Normal,Normal
30-08-2026 07:00,75.0,92.3,Normal,Normal
30-08-2026 08:00,75.0,92.3,Normal,Normal
30-08-2026 09:00,78.4,100.0,Normal,Normal
30-08-2026 10:00,82.5,100.0,Normal,Normal
30-08-2026 11:00,89.4,100.0,Normal,Normal
30-08-2026 12:00,96.5,100.0,Normal,Normal
30-08-2026 13:00,96.5,100.0,Normal,Normal
30-08-2026 14:00,90.7,100.0,Normal,Normal
30-08-2026 15:00,90.5,100.0,Normal,Normal
30-08-2026 16:00,95.2,100.0,Normal,Normal
30-08-2026 17:00,98.8,100.0,Normal,Normal
30-08-2026 18:00,94.8,100.0,Normal,Normal
30-08-2026 19:00,87.7,100.0,Normal,Normal
30-08-2026 20:00,78.2,100.0,Normal,Normal
30-08-2026 21:00,75.0,90.8,Normal,Normal
30-08-2026 22:00,75.0,86.0,Normal,Normal
30-08-2026 23:00,75.0,85.9,Normal,Normal
31-08-2026 00:00,75.0,85.4,Normal,Normal
31-08-2026 01:00,75.0,85.7,Normal,Normal
31-08-2026 02:00,75.0,87.0,Normal,Normal
31-08-2026 03:00,75.0,89.0,Normal,Normal
31-08-2026 04:00,75.0,91.8,Normal,Normal
31-08-2026 05:00,75.0,92.3,Normal,Normal
31-08-2026 06:00,75.0,92.3,Normal,Normal
31-08-2026 07:00,75.5,100.0,Normal,Normal
31-08-2026 08:00,78.4,100.0,Normal,Normal
31-08-2026 09:00,82.6,100.0,Normal,Normal
31-08-2026 10:00,88.5,100.0,Normal,Normal
31-08-2026 11:00,95.3,100.0,Normal,Normal
31-08-2026 12:00,97.6,100.0,Normal,Normal
31-08-2026 13:00,96.6,100.0,Normal,Normal
31-08-2026 14:00,90.9,100.0,Normal,Normal
31-08-2026 15:00,86.9,100.0,Normal,Normal
31-08-2026 16:00,84.9,100.0,Normal,Normal
31-08-2026 17:00,86.1,100.0,Normal,Normal
31-08-2026 18:00,90.5,100.0,Normal,Normal
31-08-2026 19:00,97.8,100.0,Normal,Normal
31-08-2026 20:00,92.9,100.0,Normal,Normal
31-08-2026 21:00,81.2,100.0,Normal,Normal
31-08-2026 22:00,75.0,92.3,Normal,Normal
31-08-2026 23:00,75.0,85.9,Normal,Normal
01-09-2026 00:00,75.0,85.1,Normal,Normal
01-09-2026 01:00,75.0,85.7,Normal,Normal
01-09-2026 02:00,75.0,86.8,Normal,Normal
01-09-2026 03:00,75.0,88.9,Normal,Normal
01-09-2026 04:00,75.0,92.0,Normal,Normal
01-09-2026 05:00,75.0,92.3,Normal,Normal
01-09-2026 06:00,75.0,91.5,Normal,Normal
01-09-2026 07:00,75.0,92.3,Normal,Normal
01-09-2026 08:00,77.6,100.0,Normal,Normal
01-09-2026 09:00,82.1,100.0,Normal,Normal
01-09-2026 10:00,82.6,100.0,Normal,Normal
01-09-2026 11:00,78.8,100.0,Normal,Normal
01-09-2026 12:00,76.4,100.0,Normal,Normal
01-09-2026 13:00,75.0,92.3,Normal,Normal
01-09-2026 14:00,75.0,92.3,Normal,Normal
01-09-2026 15:00,75.0,92.3,Normal,Normal
01-09-2026 16:00,75.4,100.0,Normal,Normal
01-09-2026 17:00,75.0,92.3,Normal,Normal
01-09-2026 18:00,75.0,92.3,Normal,Normal
01-09-2026 19:00,75.0,92.3,Normal,Normal
01-09-2026 20:00,75.0,90.7,Normal,Normal
01-09-2026 21:00,75.0,88.8,Normal,Normal
01-09-2026 22:00,75.0,87.2,Normal,Normal
01-09-2026 23:00,75.0,85.5,Normal,Normal
02-09-2026 00:00,75.0,85.1,Normal,Normal
02-09-2026 01:00,75.0,85.9,Normal,Normal
02-09-2026 02:00,75.0,87.1,Normal,Normal
02-09-2026 03:00,75.0,88.9,Normal,Normal
02-09-2026 04:00,75.0,88.5,Normal,Normal
02-09-2026 05:00,75.0,92.3,Normal,Normal
02-09-2026 06:00,75.0,92.3,Normal,Normal
02-09-2026 07:00,75.0,92.3,Normal,Normal
02-09-2026 08:00,75.0,92.3,Normal,Normal
02-09-2026 09:00,75.0,92.3,Normal,Normal
02-09-2026 10:00,76.9,100.0,Normal,Normal
02-09-2026 11:00,75.0,92.3,Normal,Normal
02-09-2026 12:00,81.9,100.0,Normal,Normal
02-09-2026 13:00,88.4,100.0,Normal,Normal
02-09-2026 14:00,94.0,100.0,Normal,Normal
02-09-2026 15:00,98.0,100.0,Normal,Normal
02-09-2026 16:00,99.9,100.0,Normal,Normal
02-09-2026 17:00,98.8,100.0,Normal,Normal
02-09-2026 18:00,94.5,100.0,Normal,Normal
02-09-2026 19:00,87.2,100.0,Normal,Normal
02-09-2026 20:00,77.7,100.0,Normal,Normal
02-09-2026 21:00,75.0,91.4,Normal,Normal
02-09-2026 22:00,75.0,86.7,Normal,Normal
02-09-2026 23:00,75.0,85.8,Normal,Normal
03-09-2026 00:00,75.0,85.4,Normal,Normal
03-09-2026 01:00,75.0,85.6,Normal,Normal
03-09-2026 02:00,75.0,86.8,Normal,Normal
03-09-2026 03:00,75.0,88.5,Normal,Normal
03-09-2026 04:00,75.0,91.5,Normal,Normal
03-09-2026 05:00,75.0,92.3,Normal,Normal
03-09-2026 06:00,75.0,92.3,Normal,Normal
03-09-2026 07:00,75.1,100.0,Normal,Normal
03-09-2026 08:00,75.0,92.3,Normal,Normal
03-09-2026 09:00,75.0,92.3,Normal,Normal
03-09-2026 10:00,75.0,92.3,Normal,Normal
03-09-2026 11:00,81.8,100.0,Normal,Normal
03-09-2026 12:00,80.4,100.0,Normal,Normal
03-09-2026 13:00,87.2,100.0,Normal,Normal
03-09-2026 14:00,91.9,100.0,Normal,Normal
03-09-2026 15:00,96.2,100.0,Normal,Normal
03-09-2026 16:00,97.9,100.0,Normal,Normal
03-09-2026 17:00,96.4,100.0,Normal,Normal
03-09-2026 18:00,91.9,100.0,Normal,Normal
03-09-2026 19:00,84.8,100.0,Normal,Normal
03-09-2026 20:00,75.1,100.0,Normal,Normal
03-09-2026 21:00,75.0,88.4,Normal,Normal
03-09-2026 22:00,75.0,87.0,Normal,Normal
03-09-2026 23:00,75.0,85.8,Normal,Normal
